Carson Medlar,carsonmedlar
Maverick Ginger,maverickginger
Matthew Lespedeza,matthewlespedeza
Camila Pea,camilapea
Carter Walnut,carterwalnut
Jayden Avocado,jaydenavocado
Penelope Raphanussativus,peneloperaphanussativus
Hannah Apricot,hannahapricot
Roman Linseed,romanlinseed
Allison Cornsalad,allisoncornsalad
Aria Tobacco,ariatobacco
Liam Drygarlic,liamdrygarlic
Chloe Henequen,chloehenequen
Anna Pecannut,annapecannut
Sadie Chayote,sadiechayote
Jose Clove,joseclove
Zoe Litchi,zoelitchi
Aubrey Parsnip,aubreyparsnip
Zoey Lentil,zoeylentil
Elijah Prunus,elijahprunus
Oliver Pelargonium,oliverpelargonium
Aurora Opium,auroraopium
Camila Durra,camiladurra
Wyatt Springbarley,wyattspringbarley
Jonathan Filbert,jonathanfilbert
Connor Sourlime,connorsourlime
Claire Milletbroom,clairemilletbroom
Santiago Brassicaoleraceacapitata,santiagobrassicaoleraceacapitata
Brooks Spinach,brooksspinach
Eliana Rhubarb,elianarhubarb
Abigail Broomsorghum,abigailbroomsorghum
Anthony Macadamia,anthonymacadamia
Anthony Arrowroot,anthonyarrowroot
Nathan Rutabagaorswede,nathanrutabagaorswede
Jameson Coffee,jamesoncoffee
Madelyn Lemon,madelynlemon
Caroline Chicory,carolinechicory
Emery Horseradish,emeryhorseradish
Mateo Drygarlic,mateodrygarlic
Eli Nutmeg,elinutmeg
Beau Manioc,beaumanioc
Jack Apple,jackapple
Bennett Grampea,bennettgrampea
Nora Pepper,norapepper
Elijah Jasmine,elijahjasmine
Scarlett Poppyseed,scarlettpoppyseed
Christopher Rose,christopherrose
Scarlett Garlic,scarlettgarlic
Matthew Pennisetumamericanum,matthewpennisetumamericanum
Liam Rubus,liamrubus
Kennedy Mustard,kennedymustard
Nora Vanilla,noravanilla
Roman Cress,romancress
Joseph Trefoil,josephtrefoil
Anthony Filbert,anthonyfilbert
Olivia Aleurites,oliviaaleurites
Isla Kenaf,islakenaf
Nora Teff,norateff
Sebastian Mustard,sebastianmustard
Matthew Metroxylon,matthewmetroxylon
Santiago Avena,santiagoavena
Mila Swede,milaswede
Sophia Cornsalad,sophiacornsalad
Lincoln Onionseed,lincolnonionseed
Jeremiah Grassesparto,jeremiahgrassesparto
Everleigh Lespedeza,everleighlespedeza
Mason Raspberry,masonraspberry
Nolan Currants,nolancurrants
Anthony Mixture,anthonymixture
Camila Queenslandnut,camilaqueenslandnut
Cora Pigeonpea,corapigeonpea
Cooper Sisal,coopersisal
Hannah Earthpea,hannahearthpea
Jackson Drypepper,jacksondrypepper
Leo Safflowerseed,leosafflowerseed
Natalie Buckwheat,nataliebuckwheat
Ezra Sweetpotato,ezrasweetpotato
Bella Rice,bellarice
Michael Ramie,michaelramie
Serenity Ginger,serenityginger
Matthew Scorzonera,matthewscorzonera
Aria Litchi,arialitchi
James Earthpea,jamesearthpea
Brooklyn Melon,brooklynmelon
Angel Kenaf,angelkenaf
Audrey Salad,audreysalad
Everleigh Groundnut,everleighgroundnut
Ryan Pecannut,ryanpecannut
Peyton Prune,peytonprune
Owen Chilly,owenchilly
Peyton Colocasia,peytoncolocasia
Adrian Mandarin,adrianmandarin
Andrew Rhubarb,andrewrhubarb
Kennedy Grassesparto,kennedygrassesparto
Owen Chesnut,owenchesnut
Serenity Brusselssprouts,serenitybrusselssprouts
Hannah Cherry,hannahcherry
Camila Ribes,camilaribes
Brooks Raspberry,brooksraspberry
Miles Quinine,milesquinine
Everett Cowpea,everettcowpea
Sophie Greenonion,sophiegreenonion
Asher Loquat,asherloquat
Axel Xanthosoma,axelxanthosoma
Aurora Mangel,auroramangel
Emilia Pomegranate,emiliapomegranate
Landon Parsnip,landonparsnip
Leo Fennel,leofennel
Gabriella Arracha,gabriellaarracha
Bennett Lolium,bennettlolium
Ryan Pea,ryanpea
Lily Bergamot,lilybergamot
Daniel Eggplant,danieleggplant
Carson Peanut,carsonpeanut
Elias Oats,eliasoats
Silas Winterrye,silaswinterrye
Sophie Brassicaileraceacapitata,sophiebrassicaileraceacapitata
Lucy Wheat,lucywheat
Aria Pomelo,ariapomelo
Ryan Raspberry,ryanraspberry
Lucas Sapodilla,lucassapodilla
Luke Brassicaoleraceagemmifera,lukebrassicaoleraceagemmifera
Brooklyn Drychilli,brooklyndrychilli
Natalia Pistachionut,nataliapistachionut
Nolan Cherry,nolancherry
Rylee SorghumbicolorSudanense,ryleesorghumbicolorsudanense
Benjamin Pistacia,benjaminpistacia
Anna Milletbroom,annamilletbroom
Jade Cardoon,jadecardoon
Luna Cabbage,lunacabbage
Henry Quince,henryquince
Leonardo Redtop,leonardoredtop
Serenity Cornsalad,serenitycornsalad
Caroline Rice,carolinerice
Easton Lemon,eastonlemon
Rylee Guava,ryleeguava
Maya Henequen,mayahenequen
Ruby Drypea,rubydrypea
Maya Mixture,mayamixture
Owen Raphanussativus,owenraphanussativus
Miles Sweetcorn,milessweetcorn
Scarlett Springbarley,scarlettspringbarley
Chloe Lentil,chloelentil
Jonathan Scorzonera,jonathanscorzonera
Jack Hemp,jackhemp
Penelope Cabbage,penelopecabbage
Liam Tungtree,liamtungtree
Aubrey Cola,aubreycola
Connor Maize,connormaize
Samuel Lentil,samuellentil
Miles NewZealandflax,milesnewzealandflax
Isla Satsuma,islasatsuma
Bennett Drygarlic,bennettdrygarlic
Joseph Grapes,josephgrapes
Scarlett Greenonion,scarlettgreenonion
Charles Colocasia,charlescolocasia
Easton Medlar,eastonmedlar
Leo Oryzasativa,leooryzasativa
Weston Dates,westondates
Benjamin Lemon,benjaminlemon
Avery Lavandula,averylavandula
Theodore Custardapple,theodorecustardapple
Layla Sprouts,laylasprouts
Violet Apricot,violetapricot
Alice Peanut,alicepeanut
Jackson Asparagus,jacksonasparagus
Elias Vaccinium,eliasvaccinium
Lucas Springwheat,lucasspringwheat
Isaiah Drybroadbean,isaiahdrybroadbean
Michael Sheabutter,michaelsheabutter
Amelia Citronella,ameliacitronella
Charlotte Raspberry,charlotteraspberry
Dominic Pea,dominicpea
Christian Sugarbeet,christiansugarbeet
Peyton Brassicaoleraceagemmifera,peytonbrassicaoleraceagemmifera
Grayson Capsicum,graysoncapsicum
Thomas Jerusalemartichoke,thomasjerusalemartichoke
Nathan Wheat,nathanwheat
Maverick Rhubarb,maverickrhubarb
Noah Plum,noahplum
Athena Prunus,athenaprunus
Willow Lespendeza,willowlespendeza
Cooper Poppyseed,cooperpoppyseed
Riley Beet,rileybeet
Wesley Agrostis,wesleyagrostis
Noah Swede,noahswede
Lucy Mangel,lucymangel
Luna Lentil,lunalentil
Silas Dasheen,silasdasheen
Nova Lotus,novalotus
Autumn Hop,autumnhop
Nathan Tungtree,nathantungtree
Riley Oats,rileyoats
Nathan Citronella,nathancitronella
Ruby Timothy,rubytimothy
Leonardo Banana,leonardobanana
Benjamin Brassicaoleraceacapitata,benjaminbrassicaoleraceacapitata
John Tobacco,johntobacco
David Lotus,davidlotus
Noah Cassava,noahcassava
Maya Timothy,mayatimothy
Jaxon Hordeum,jaxonhordeum
Leonardo Brassicaoleraceacapitata,leonardobrassicaoleraceacapitata
Sophie Endive,sophieendive
Nora Jute,norajute
Roman Lupine,romanlupine
Stella Pelargonium,stellapelargonium
Sadie Colza,sadiecolza
Andrew Opium,andrewopium
Kennedy Redcabbage,kennedyredcabbage
Gabriel Cocoyam,gabrielcocoyam
Kai Coconut,kaicoconut
Samuel Geranium,samuelgeranium
Brooks Drypepper,brooksdrypepper
Cameron Satsuma,cameronsatsuma
Nolan Teff,nolanteff
Emma Palmyrapalm,emmapalmyrapalm
Landon Maize,landonmaize
Lucy Carrot,lucycarrot
Nicholas Macadamia,nicholasmacadamia
Hailey Onionseed,haileyonionseed
Grayson Agrostis,graysonagrostis
Jordan Lemon,jordanlemon
Wyatt Blackwattle,wyattblackwattle
Nevaeh Chesnut,nevaehchesnut
Lillian Mulberry,lillianmulberry
Elias Gooseberry,eliasgooseberry
Axel Liquorice,axelliquorice
Zoey Swede,zoeyswede
Luke Lotus,lukelotus
Leo Soybeanhay,leosoybeanhay
Riley Lavender,rileylavender
Jeremiah Cola,jeremiahcola
Zoe Grassesparto,zoegrassesparto
Everleigh Drypepper,everleighdrypepper
Kai Blueberry,kaiblueberry
Savannah Lime,savannahlime
Nevaeh Custardapple,nevaehcustardapple
Claire Castorbean,clairecastorbean
Lillian Citronella,lilliancitronella
Carson Juglans,carsonjuglans
Abigail Earthpea,abigailearthpea
Brooks Ramie,brooksramie
Henry Brassicaileraceacapitata,henrybrassicaileraceacapitata
Elias Henna,eliashenna
Austin Tobacco,austintobacco
Caleb Quinine,calebquinine
Levi Juglans,levijuglans
Brooks Celery,brookscelery
Elena Bambaragroundnuts,elenabambaragroundnuts
Chloe Scorzonera,chloescorzonera
Anna Mangel,annamangel
Beau Nutmeg,beaunutmeg
Penelope Sugarbeet,penelopesugarbeet
Austin Coffee,austincoffee
Thomas Papaya,thomaspapaya
Joshua Dates,joshuadates
Everly Chilly,everlychilly
Lucy Fig,lucyfig
Parker Taro,parkertaro
Aurora Corchorus,auroracorchorus
Ella Hempfibre,ellahempfibre
Mason Durra,masondurra
Sofia Cabbage,sofiacabbage
Waylon Tea,waylontea
Joseph Grampea,josephgrampea
Julian Fenugreek,julianfenugreek
Josephine Chesnut,josephinechesnut
Jameson Sprouts,jamesonsprouts
Alexander Jowar,alexanderjowar
Ellie Lupine,ellielupine
Xavier Trifolium,xaviertrifolium
Rylee Rhubarb,ryleerhubarb
Jackson Savoycabbage,jacksonsavoycabbage
Levi Redcabbage,leviredcabbage
Skylar Metroxylon,skylarmetroxylon
Adrian Sweetsorghum,adriansweetsorghum
Lincoln Drumsticktree,lincolndrumsticktree
Andrew Redtop,andrewredtop
Lucy Spelt,lucyspelt
Wesley Spelt,wesleyspelt
Grace Artichoke,graceartichoke
Madison Breadfruit,madisonbreadfruit
Jameson Pumpkin,jamesonpumpkin
Elizabeth Palmyrapalm,elizabethpalmyrapalm
Sophia Dry,sophiadry
Valentina Lupine,valentinalupine
Jameson Avocado,jamesonavocado
Adrian Brassicaoleraceacapitata,adrianbrassicaoleraceacapitata
Savannah Phaseolus,savannahphaseolus
Daniel Grass,danielgrass
Michael Springrye,michaelspringrye
Jackson Poppyseed,jacksonpoppyseed
Jayden Mango,jaydenmango
Jade Kale,jadekale
Mila Plantain,milaplantain
Isaiah Pennisetumamericanum,isaiahpennisetumamericanum
Emma Persimmon,emmapersimmon
James Geranium,jamesgeranium
Naomi Pistachionut,naomipistachionut
Abigail Nutmeg,abigailnutmeg
Abigail Linseed,abigaillinseed
Daniel Lemon,daniellemon
Abigail Onion,abigailonion
Ella Medlar,ellamedlar
Sophia Wattle,sophiawattle
Elizabeth Winterrye,elizabethwinterrye
Kinsley Fodderbeet,kinsleyfodderbeet
Greyson Springbarley,greysonspringbarley
Jackson Chilly,jacksonchilly
Zoe Carawayseeds,zoecarawayseeds
Owen Rye,owenrye
Caleb Prune,calebprune
Isla Artichoke,islaartichoke
Savannah Kohlrabi,savannahkohlrabi
Elijah Fenugreek,elijahfenugreek
Victoria Chinesecabbage,victoriachinesecabbage
Theodore Mandarin,theodoremandarin
Anthony Colocasia,anthonycolocasia
Delilah Guava,delilahguava
Gabriel Mentha,gabrielmentha
Noah Nutmeg,noahnutmeg
Claire Tapioca,clairetapioca
Hunter Espartograss,hunterespartograss
Layla Fig,laylafig
Benjamin Chickpea,benjaminchickpea
James Pelargonium,jamespelargonium
Henry Winterwheat,henrywinterwheat
Josephine Sagopalm,josephinesagopalm
Caleb Guineacorn,calebguineacorn
Caleb Langenaria,caleblangenaria
Ivy Banana,ivybanana
Nova Chinesecabbage,novachinesecabbage
Madison Brassicaileraceacapitata,madisonbrassicaileraceacapitata
Addison Jowar,addisonjowar
Everett Lespedeza,everettlespedeza
Evelyn Tea,evelyntea
Nevaeh Yerbamate,nevaehyerbamate
Hailey Tungtree,haileytungtree
Logan Langenaria,loganlangenaria
James Springwheat,jamesspringwheat
Abigail Medlar,abigailmedlar
Eliana Soybeanhay,elianasoybeanhay
Ariana Scorzonera,arianascorzonera
Abigail Strawberry,abigailstrawberry
Silas Brassicaoleraceaacephala,silasbrassicaoleraceaacephala
Abigail Sainfoin,abigailsainfoin
Alice Rutabagaorswede,alicerutabagaorswede
Liam Groundnut,liamgroundnut
Luna Redbeet,lunaredbeet
Connor Onion,connoronion
Maverick Pineapple,maverickpineapple
Elena Sorghum,elenasorghum
Beau Broccoli,beaubroccoli
Hannah Clementine,hannahclementine
Isabella Geranium,isabellageranium
Paisley Brassicaoleraceacapitata,paisleybrassicaoleraceacapitata
Zoe Edo,zoeedo
Isaac Oryzasativa,isaacoryzasativa
Thomas Winterrye,thomaswinterrye
Santiago Tea,santiagotea
Emma Prunus,emmaprunus
Joseph Raspberry,josephraspberry
Josiah Pear,josiahpear
Hannah Medlar,hannahmedlar
Ian Jerusalemartichoke,ianjerusalemartichoke
Natalie Radish,natalieradish
Stella Chesnut,stellachesnut
Ariana Hop,arianahop
Christopher Kohlrabi,christopherkohlrabi
Owen Fragaria,owenfragaria
Delilah Cashewnuts,delilahcashewnuts
Elijah Aniseseeds,elijahaniseseeds
Naomi Mentha,naomimentha
Lucas Pistacia,lucaspistacia
Skylar Fragaria,skylarfragaria
Serenity Hordeum,serenityhordeum
Charles Sweetsorghum,charlessweetsorghum
Hannah Sunflower,hannahsunflower
Quinn Barley,quinnbarley
Cora Henna,corahenna
Bennett Cress,bennettcress
Autumn Espartograss,autumnespartograss
