Jameson Edo,jamesonedo
Michael Chinesecabbage,michaelchinesecabbage
Riley Tapioca,rileytapioca
Dylan Citronella,dylancitronella
Leo Fique,leofique
Jacob Turnip,jacobturnip
Everett Tobacco,everetttobacco
Luke Medlar,lukemedlar
Xavier Fique,xavierfique
Ivy Pigeonpea,ivypigeonpea
William Triticum,williamtriticum
Lincoln Triticum,lincolntriticum
Genesis Macadamia,genesismacadamia
Zoey Apple,zoeyapple
Sophia Quinine,sophiaquinine
Ellie Cantaloupe,elliecantaloupe
Mia Lettuce,mialettuce
Adeline Maguey,adelinemaguey
Naomi Scorzonera,naomiscorzonera
Natalia Lettuce,natalialettuce
Oliver Jowar,oliverjowar
Alice Bean,alicebean
Nathan Diospyroskaki,nathandiospyroskaki
Maverick Fenugreek,maverickfenugreek
Isaiah Trifolium,isaiahtrifolium
Jayden Raphanussativus,jaydenraphanussativus
Bennett Winterbarley,bennettwinterbarley
Jameson Lavandula,jamesonlavandula
Nicholas Brassicaoleraceacapitata,nicholasbrassicaoleraceacapitata
Nolan Raspberry,nolanraspberry
Eva Urena,evaurena
Madeline Okra,madelineokra
Angel Dry,angeldry
Skylar Cotton,skylarcotton
Zoey Cornsalad,zoeycornsalad
Serenity Grass,serenitygrass
Jeremiah Persimmon,jeremiahpersimmon
Eva Quebracho,evaquebracho
William Castorbean,williamcastorbean
Jade Blackwattle,jadeblackwattle
Lily Plantain,lilyplantain
Willow Dryonion,willowdryonion
Isabella Fenugreek,isabellafenugreek
Madelyn Xanthosoma,madelynxanthosoma
Ella Mangel,ellamangel
Ethan Coffee,ethancoffee
Ariana Satsuma,arianasatsuma
Jose Poppyseed,josepoppyseed
Rylee Okra,ryleeokra
Eli Pistachionut,elipistachionut
Ella Phaseolusvigna,ellaphaseolusvigna
Aiden Sweetpepper,aidensweetpepper
Valentina Fenugreek,valentinafenugreek
Sarah Tomato,sarahtomato
John Kohlrabi,johnkohlrabi
Matthew Barley,matthewbarley
Isaac Cherry,isaaccherry
Gabriella Drypea,gabrielladrypea
Aiden Mangel,aidenmangel
Ezra Castorbean,ezracastorbean
Mia Tea,miatea
Paisley Papaya,paisleypapaya
Aria Rheum,ariarheum
Mia Sesame,miasesame
Mateo Liquorice,mateoliquorice
Skylar Satsuma,skylarsatsuma
Jayden Oats,jaydenoats
Leilani Medlar,leilanimedlar
Wesley Cucurbita,wesleycucurbita
Charles Arrowroot,charlesarrowroot
Jackson Spelt,jacksonspelt
Luca Pineapple,lucapineapple
Elias Lupine,eliaslupine
Elena Lespendeza,elenalespendeza
Addison Brassicaoleraceagemmifera,addisonbrassicaoleraceagemmifera
Savannah Raspberry,savannahraspberry
Anthony Fenugreek,anthonyfenugreek
Leo Lespedeza,leolespedeza
Mila Hybridmaize,milahybridmaize
Victoria Vetch,victoriavetch
Grace Brassicanigra,gracebrassicanigra
Adrian Orange,adrianorange
Eli Chilly,elichilly
William Melon,williammelon
Robert Asparagus,robertasparagus
Grace Dates,gracedates
Nolan Sudangrass,nolansudangrass
Dominic Edo,dominicedo
Audrey Henna,audreyhenna
Adeline Fodderbeet,adelinefodderbeet
Connor Cantaloupe,connorcantaloupe
Aria Carob,ariacarob
Logan Squash,logansquash
Athena Sprouts,athenasprouts
Ethan Teff,ethanteff
Leilani Tobacco,leilanitobacco
Ezekiel Corn,ezekielcorn
Peyton Colza,peytoncolza
Landon Quince,landonquince
Charles Cardamom,charlescardamom
Brooklyn Earthpea,brooklynearthpea
Cameron Citronella,cameroncitronella
Jade Fragaria,jadefragaria
Dylan Cola,dylancola
Camila Taro,camilataro
Maya Corn,mayacorn
Thomas Dryonion,thomasdryonion
Jeremiah Edo,jeremiahedo
Nolan Maslin,nolanmaslin
Colton Lespedeza,coltonlespedeza
Maya Abaca,mayaabaca
Nora Sunflower,norasunflower
Valentina Oats,valentinaoats
Avery Lettuce,averylettuce
Zoe Okra,zoeokra
Greyson Tangerine,greysontangerine
Ellie Arracha,elliearracha
James Grapefruit,jamesgrapefruit
Madelyn Leek,madelynleek
Matthew Lentil,matthewlentil
Evelyn Lupinus,evelynlupinus
Hailey Pigeonpea,haileypigeonpea
Sofia Durumwheat,sofiadurumwheat
Nevaeh Juglans,nevaehjuglans
Lily Fennel,lilyfennel
Jack Sudangrass,jacksudangrass
Carson Sweetcorn,carsonsweetcorn
Willow Drychilli,willowdrychilli
Aiden Prune,aidenprune
Ivy Broommillet,ivybroommillet
Josephine Sheabutter,josephinesheabutter
Jayden Corn,jaydencorn
Madeline Pea,madelinepea
Ella Fennel,ellafennel
Mateo Mace,mateomace
Michael Cottonseed,michaelcottonseed
Jeremiah Kohlrabi,jeremiahkohlrabi
Emery Salad,emerysalad
Jameson Palmyrapalm,jamesonpalmyrapalm
Bella Phaseolusvigna,bellaphaseolusvigna
Eleanor Kapok,eleanorkapok
Victoria Springbarley,victoriaspringbarley
Matthew Hybridmaize,matthewhybridmaize
Cora Soybean,corasoybean
Santiago Peach,santiagopeach
Jordan Cantaloupe,jordancantaloupe
Matthew Cocoa,matthewcocoa
Benjamin Rubus,benjaminrubus
Naomi Capsicum,naomicapsicum
Aurora Espartograss,auroraespartograss
Santiago Tea,santiagotea
Luca Spinach,lucaspinach
Dominic Dasheen,dominicdasheen
Bella Dasheen,belladasheen
Mia Sprouts,miasprouts
Sofia Cucurbita,sofiacucurbita
Adrian Medlar,adrianmedlar
Joshua Clover,joshuaclover
Cooper Mint,coopermint
Kinsley Tannia,kinsleytannia
Kai Drygarlic,kaidrygarlic
Angel Bean,angelbean
Piper Redcabbage,piperredcabbage
Greyson Soybean,greysonsoybean
Santiago Palm,santiagopalm
Wesley Aspidosperma,wesleyaspidosperma
Avery Chesnut,averychesnut
Ivy Manilahemp,ivymanilahemp
Luke Melon,lukemelon
Sophia Maize,sophiamaize
Bella Sourlime,bellasourlime
Logan Melon,loganmelon
Jade Cacao,jadecacao
Aubrey Drybroadbean,aubreydrybroadbean
Caleb Sudangrass,calebsudangrass
Julian Onion,julianonion
Eliana Pecannut,elianapecannut
Nova Soybean,novasoybean
Savannah Prune,savannahprune
Dylan Sugarcane,dylansugarcane
Sophia Lentil,sophialentil
Camila Dates,camiladates
Luna Squash,lunasquash
Alice Tobacco,alicetobacco
Maverick Cashewnuts,maverickcashewnuts
Jack Cucumber,jackcucumber
David Redtop,davidredtop
Elijah Broommillet,elijahbroommillet
Carson Hordeum,carsonhordeum
Nicholas SorghumbicolorSudanense,nicholassorghumbicolorsudanense
Everleigh Chesnut,everleighchesnut
Greyson Sourlime,greysonsourlime
Adeline Pineapple,adelinepineapple
Leo Gossypium,leogossypium
Stella Aniseseeds,stellaaniseseeds
Jackson Vetch,jacksonvetch
Savannah Chilly,savannahchilly
Lillian Radish,lillianradish
Sebastian Cauliflower,sebastiancauliflower
Aria Chesnut,ariachesnut
Maverick Geranium,maverickgeranium
Zoe Spinach,zoespinach
Maya Dasheen,mayadasheen
Eli Soybean,elisoybean
Willow Diospyroskaki,willowdiospyroskaki
Brooklyn Grapes,brooklyngrapes
Beau Drypepper,beaudrypepper
Evelyn Asparagus,evelynasparagus
Mia Potato,miapotato
Elena Rheum,elenarheum
Eli Tangerine,elitangerine
Cora Mangel,coramangel
Evelyn Taro,evelyntaro
Theodore Poppyseed,theodorepoppyseed
Naomi Onionseed,naomionionseed
Ava Hazelnut,avahazelnut
Jackson Grass,jacksongrass
Leonardo Morus,leonardomorus
Carter Sudangrass,cartersudangrass
Athena Taro,athenataro
Weston Groundnut,westongroundnut
Benjamin Pelargonium,benjaminpelargonium
Valentina Sourlime,valentinasourlime
Hunter Cress,huntercress
Henry Papaya,henrypapaya
Andrew Greengarlic,andrewgreengarlic
David Mentha,davidmentha
Hudson Jasmine,hudsonjasmine
Mila Urena,milaurena
Quinn Edo,quinnedo
Nova Strawberry,novastrawberry
Gabriella Sugarcane,gabriellasugarcane
Aaliyah Fique,aaliyahfique
Maverick Raphanussativus,maverickraphanussativus
Emma Satsuma,emmasatsuma
Aurora Trefoil,auroratrefoil
Logan Avena,loganavena
Chloe Pimento,chloepimento
Natalie Pecannut,nataliepecannut
Jayden Hempseed,jaydenhempseed
Aaron Brassicanigra,aaronbrassicanigra
Evelyn Squash,evelynsquash
David Teff,davidteff
Leah Brassica,leahbrassica
Claire Liquorice,claireliquorice
John Peanut,johnpeanut
John Celery,johncelery
Harper Ginger,harperginger
Elias Cowpea,eliascowpea
Leilani Castorbean,leilanicastorbean
Carter Ryegrassseed,carterryegrassseed
Sarah NewZealandflax,sarahnewzealandflax
Stella Grassesparto,stellagrassesparto
Jonathan Fragaria,jonathanfragaria
Caroline Clementine,carolineclementine
Samuel Ornamentalplants,samuelornamentalplants
Miles Blackwattle,milesblackwattle
Charlotte Coffee,charlottecoffee
Gabriel Salad,gabrielsalad
Hunter Manilahemp,huntermanilahemp
Zoey Rutabagaorswede,zoeyrutabagaorswede
Ariana Springbarley,arianaspringbarley
Roman Xanthosoma,romanxanthosoma
Gabriel Turnip,gabrielturnip
Avery Salsify,averysalsify
Angel Quebracho,angelquebracho
Evelyn Clementine,evelynclementine
Gabriel Hybridmaize,gabrielhybridmaize
Isaac Corn,isaaccorn
Abigail Carrot,abigailcarrot
Mason Celery,masoncelery
Lydia Cinnamon,lydiacinnamon
Silas Cardoon,silascardoon
Addison Sugarcane,addisonsugarcane
Thomas Sorghum,thomassorghum
Sophia Okra,sophiaokra
Olivia Pecannut,oliviapecannut
Amelia Brassicaoleraceaacephala,ameliabrassicaoleraceaacephala
Emily Sweetpepper,emilysweetpepper
Everett Bajra,everettbajra
Ezekiel Prunus,ezekielprunus
Ezekiel Poppyseed,ezekielpoppyseed
Lucas Trifolium,lucastrifolium
Penelope Xanthosoma,penelopexanthosoma
Adeline Cacao,adelinecacao
Savannah Blackpepper,savannahblackpepper
Hunter Olive,hunterolive
Henry Tobacco,henrytobacco
Henry Fenugreek,henryfenugreek
Matthew Lupine,matthewlupine
Carson Artichoke,carsonartichoke
Lydia Xanthosoma,lydiaxanthosoma
Isaac Rapeseed,isaacrapeseed
Easton Dryonion,eastondryonion
Kinsley Potato,kinsleypotato
Anna Olive,annaolive
Dylan Salsify,dylansalsify
Gabriel Brazilnut,gabrielbrazilnut
Aiden Tangerine,aidentangerine
Aaliyah Salad,aaliyahsalad
Christian Whitecabbage,christianwhitecabbage
Aubrey Chinesecabbage,aubreychinesecabbage
Adeline Abaca,adelineabaca
Eli Rheum,elirheum
Genesis Drypepper,genesisdrypepper
Natalie Pistachionut,nataliepistachionut
Connor Pomegranate,connorpomegranate
Zoey Jowar,zoeyjowar
Josephine Scorzonera,josephinescorzonera
Oliver Eggplant,olivereggplant
Camila Coffee,camilacoffee
Luna Pineapple,lunapineapple
Greyson Raphanussativus,greysonraphanussativus
Henry Bergamot,henrybergamot
Nicholas Jute,nicholasjute
Aaliyah Watermelon,aaliyahwatermelon
Valentina Rye,valentinarye
Ava Sagopalm,avasagopalm
Alice Taro,alicetaro
Mila Olive,milaolive
Ryan Horseradish,ryanhorseradish
Autumn Beet,autumnbeet
Stella Palmyrapalm,stellapalmyrapalm
Kai Hempfibre,kaihempfibre
Nora Cowpea,noracowpea
Christopher Clementine,christopherclementine
Wesley Tangerine,wesleytangerine
Autumn Rutabagaorswede,autumnrutabagaorswede
Levi Cauliflower,levicauliflower
Kennedy SorghumbicolorSudanense,kennedysorghumbicolorsudanense
Liam Guineacorn,liamguineacorn
Daniel Sugarbeet,danielsugarbeet
Isaiah Prunus,isaiahprunus
Josephine Quinoa,josephinequinoa
Madelyn Pennisetumamericanum,madelynpennisetumamericanum
Christopher Chilly,christopherchilly
Emilia Celery,emiliacelery
Elena Bambaragroundnuts,elenabambaragroundnuts
Zoey Lime,zoeylime
Wyatt Ramie,wyattramie
Avery Cabbage,averycabbage
Isabella Hordeum,isabellahordeum
Levi Rose,levirose
Ava Grapes,avagrapes
Skylar Pineapple,skylarpineapple
Luna Blackpepper,lunablackpepper
Landon Cinchona,landoncinchona
Addison Opium,addisonopium
Luna Broommillet,lunabroommillet
Brooklyn Ornamentalplants,brooklynornamentalplants
Benjamin Palmyrapalm,benjaminpalmyrapalm
Avery Brassica,averybrassica
Aurora Cress,auroracress
Abigail Sagopalm,abigailsagopalm
Leah Cinchona,leahcinchona
Xavier Clover,xavierclover
Colton Macadamia,coltonmacadamia
Lydia Grapefruit,lydiagrapefruit
Aria Pecannut,ariapecannut
Nova Clementine,novaclementine
Willow Cucumber,willowcucumber
Angel Clove,angelclove
Luca Triticum,lucatriticum
Henry Maguey,henrymaguey
Sadie Corchorus,sadiecorchorus
Ezekiel Taro,ezekieltaro
Jordan Squash,jordansquash
Wyatt Cucumber,wyattcucumber
Silas Sisal,silassisal
Lily Sweetpepper,lilysweetpepper
Cameron Rheum,cameronrheum
Easton Litchi,eastonlitchi
Piper Linseed,piperlinseed
Everleigh Citronella,everleighcitronella
Kinsley Currants,kinsleycurrants
Piper Carawayseeds,pipercarawayseeds
Kinsley Clementine,kinsleyclementine
Luca Rubber,lucarubber
Autumn Redcabbage,autumnredcabbage
Sebastian Palmyrapalm,sebastianpalmyrapalm
Aaron Breadfruit,aaronbreadfruit
Lillian Mentha,lillianmentha
Jayden Walnut,jaydenwalnut
Aubrey Buckwheat,aubreybuckwheat
Sophie Cocoa,sophiecocoa
Connor Poppyseed,connorpoppyseed
Lincoln Lemongrass,lincolnlemongrass
Austin Triticum,austintriticum
Ryan Betelnut,ryanbetelnut
Josephine Jasminum,josephinejasminum
Skylar Capsicum,skylarcapsicum
Ariana Quince,arianaquince
Audrey Walnut,audreywalnut
Zoey Capsicum,zoeycapsicum
Stella Hempseed,stellahempseed
Charles Blueberry,charlesblueberry
Jayden Olive,jaydenolive
Eliana Flax,elianaflax
Grace Hop,gracehop
Josiah Savoycabbage,josiahsavoycabbage
Lydia Cocoa,lydiacocoa
Natalia Winterbarley,nataliawinterbarley
Quinn Bambaragroundnuts,quinnbambaragroundnuts
Isabella Rose,isabellarose
Ruby Mangel,rubymangel
Joshua Tungtree,joshuatungtree
Claire Guava,claireguava
Waylon Peanut,waylonpeanut
Sadie Spinach,sadiespinach
Ezekiel Henna,ezekielhenna
Audrey Cowpea,audreycowpea
Charlotte Hybridmaize,charlottehybridmaize
Ian Radish,ianradish
Adeline Almond,adelinealmond
Genesis Oilpalm,genesisoilpalm
Ava Chicory,avachicory
Asher Phaseolusvigna,asherphaseolusvigna
Sarah Pecannut,sarahpecannut
Ethan Spinach,ethanspinach
Autumn Buckwheat,autumnbuckwheat
Ian Sagopalm,iansagopalm
Lydia Arracha,lydiaarracha
Benjamin Milletbroom,benjaminmilletbroom
Josephine Cottonseed,josephinecottonseed
Charlotte Grape,charlottegrape
Emilia Cranberry,emiliacranberry
Jonathan Drybroadbean,jonathandrybroadbean
Isaac Alfalfa,isaacalfalfa
Brooks Rheum,brooksrheum
Mason Yams,masonyams
Roman Apricot,romanapricot
Angel Brazilnut,angelbrazilnut
Weston Cardamom,westoncardamom
Savannah Carawayseeds,savannahcarawayseeds
Jaxon Earthpea,jaxonearthpea
Eva Quinoa,evaquinoa
Carson Lentil,carsonlentil
Joshua Jasmine,joshuajasmine
Claire Teff,claireteff
Natalia Tea,nataliatea
Everly Winterrye,everlywinterrye
Ezra Orchardgrass,ezraorchardgrass
Athena Brassicaoleraceagongylodes,athenabrassicaoleraceagongylodes
Caroline Grapes,carolinegrapes
Addison Almond,addisonalmond
Landon Sunhemp,landonsunhemp
Rylee Avocado,ryleeavocado
Luca Prune,lucaprune
Liam Rubber,liamrubber
Ruby Currants,rubycurrants
Gabriella Ribes,gabriellaribes
Sophia Ginger,sophiaginger
Audrey Maize,audreymaize
Wyatt Chesnut,wyattchesnut
Grayson Cola,graysoncola
Harper Bambaragroundnuts,harperbambaragroundnuts
Gabriella Carawayseeds,gabriellacarawayseeds
Dominic Pigeonpea,dominicpigeonpea
Claire Persimmon,clairepersimmon
Aaron Tobacco,aarontobacco
Alice Drypea,alicedrypea
Xavier Agaricus,xavieragaricus
Zoe Blackpepper,zoeblackpepper
Everleigh Tobacco,everleightobacco
Claire Fig,clairefig
Sadie Manioc,sadiemanioc
Madeline Peanut,madelinepeanut
Ian Chayote,ianchayote
Everly Pennisetumamericanum,everlypennisetumamericanum
Roman Drygarlic,romandrygarlic
Lydia Fodderbeet,lydiafodderbeet
Beau Oilpalm,beauoilpalm
Ariana SorghumbicolorSudanense,arianasorghumbicolorsudanense
Ezra Tungtree,ezratungtree
Weston Colocasia,westoncolocasia
Beau Quinoa,beauquinoa
Emily Cucumber,emilycucumber
Landon Onionseed,landononionseed
Ian Mace,ianmace
Jameson Kapok,jamesonkapok
Quinn Sugarcane,quinnsugarcane
Colton Vetch,coltonvetch
Andrew Mushrooms,andrewmushrooms
Madison Corn,madisoncorn
Christopher Mustard,christophermustard
Aurora Hemp,aurorahemp
Isabella Strawberry,isabellastrawberry
Lydia Brassicaoleraceagemmifera,lydiabrassicaoleraceagemmifera
Penelope Mixture,penelopemixture
Lillian Mint,lillianmint
Scarlett Fig,scarlettfig
Luna Alfalfa,lunaalfalfa
Emery Quinoa,emeryquinoa
Christopher Langenaria,christopherlangenaria
Santiago Cantaloupe,santiagocantaloupe
Roman Kenaf,romankenaf
Brooks Mace,brooksmace
Evelyn Rutabagaorswede,evelynrutabagaorswede
Mia Fique,miafique
Hunter Chickpea,hunterchickpea
Lincoln Manioc,lincolnmanioc
Ruby Teff,rubyteff
Emily Mulberry,emilymulberry
Jack Lespendeza,jacklespendeza
Hunter Sweetsorghum,huntersweetsorghum
Emilia Asparagus,emiliaasparagus
Emilia Drypepper,emiliadrypepper
Riley Chesnut,rileychesnut
Genesis Apple,genesisapple
Weston Pumpkin,westonpumpkin
Madison Pomelo,madisonpomelo
Logan Cucurbita,logancucurbita
Lydia Winterbarley,lydiawinterbarley
Roman Aniseseeds,romananiseseeds
Liam Cola,liamcola
Emily Aspidosperma,emilyaspidosperma
Lucas Vaccinium,lucasvaccinium
Bennett Alfalfa,bennettalfalfa
Addison Cabbage,addisoncabbage
Miles Oats,milesoats
Madison Vanilla,madisonvanilla
Carter Pecannut,carterpecannut
Alice Nutmeg,alicenutmeg
Leah Buckwheat,leahbuckwheat
Theodore Sugarbeet,theodoresugarbeet
Amelia Corn,ameliacorn
Eli Prune,eliprune
Emily Brassicaileraceacapitata,emilybrassicaileraceacapitata
Ian Brassicaoleraceabotrytis,ianbrassicaoleraceabotrytis
Sophia Pecannut,sophiapecannut
Emily Groundnut,emilygroundnut
Parker Trefoil,parkertrefoil
Kennedy Hybridmaize,kennedyhybridmaize
Aiden Cardamom,aidencardamom
Kai Kohlrabi,kaikohlrabi
Logan Barley,loganbarley
Anna Lespendeza,annalespendeza
Jameson Fennel,jamesonfennel
Nevaeh Greengarlic,nevaehgreengarlic
Alice Cress,alicecress
Piper Bean,piperbean
Hunter Henequen,hunterhenequen
Jack Cassava,jackcassava
Aaron Brassicaoleraceagemmifera,aaronbrassicaoleraceagemmifera
Emery Walnut,emerywalnut
Cora Oryzasativa,coraoryzasativa
Aiden Gossypium,aidengossypium
Sophie Gossypium,sophiegossypium
Roman Avocado,romanavocado
Jacob Brusselssprouts,jacobbrusselssprouts
Leah Xanthosoma,leahxanthosoma
Madison Areca,madisonareca
Autumn Springwheat,autumnspringwheat
Eliana Lavender,elianalavender
Lily Rhea,lilyrhea
Charles Ramie,charlesramie
Aiden Brassicaoleraceacapitata,aidenbrassicaoleraceacapitata
Connor Plum,connorplum
Landon Gossypium,landongossypium
Allison Citron,allisoncitron
Kai Swede,kaiswede
Elizabeth Springbarley,elizabethspringbarley
Jacob Pyrethum,jacobpyrethum
Henry Blackpepper,henryblackpepper
Michael Sweetcorn,michaelsweetcorn
Stella Artichoke,stellaartichoke
Mia Lupinus,mialupinus
Silas Fique,silasfique
Leo Pimento,leopimento
Samuel Pepper,samuelpepper
Ezra Apple,ezraapple
Kinsley Tomato,kinsleytomato
Anna Hazelnut,annahazelnut
Nevaeh Hazelnut,nevaehhazelnut
Dylan Indigo,dylanindigo
Naomi Henna,naomihenna
Logan Fig,loganfig
Dylan Liquorice,dylanliquorice
Sophia Oats,sophiaoats
Kinsley Carob,kinsleycarob
Amelia Bajra,ameliabajra
Mateo Xanthosoma,mateoxanthosoma
Jordan Drypea,jordandrypea
Alexander Cocoyam,alexandercocoyam
Charlotte Dioscorea,charlottedioscorea
Michael Phaseolusvigna,michaelphaseolusvigna
Camila Metroxylon,camilametroxylon
Natalie Pumpkin,nataliepumpkin
James Sugarbeet,jamessugarbeet
Luna Lotus,lunalotus
Peyton Mustard,peytonmustard
Jonathan Quinine,jonathanquinine
Lily Satsuma,lilysatsuma
Lincoln Asparagus,lincolnasparagus
Samuel Aspidosperma,samuelaspidosperma
Sophia Onion,sophiaonion
Everleigh Durra,everleighdurra
John Currants,johncurrants
Wyatt Mango,wyattmango
Victoria Drypea,victoriadrypea
Benjamin Drypepper,benjamindrypepper
Adrian Rye,adrianrye
Leo Coffee,leocoffee
Emery Beet,emerybeet
Levi Maslin,levimaslin
Caroline Hempfibre,carolinehempfibre
Isabella Swede,isabellaswede
Caroline Cola,carolinecola
Colton Springrye,coltonspringrye
Serenity Squash,serenitysquash
Hazel Spinach,hazelspinach
Andrew Flax,andrewflax
William Rubus,williamrubus
Nevaeh Ginger,nevaehginger
Valentina Cherry,valentinacherry
Claire Henna,clairehenna
Nora Papaya,norapapaya
Waylon Grass,waylongrass
Matthew Savoycabbage,matthewsavoycabbage
Luna Kenaf,lunakenaf
Elias Rubber,eliasrubber
Cooper Lavender,cooperlavender
Mila Fig,milafig
Athena Cabbage,athenacabbage
Elijah Cola,elijahcola
Aubrey Salad,aubreysalad
Jameson Henequen,jamesonhenequen
Leilani Earthpea,leilaniearthpea
Ella Pigeonpea,ellapigeonpea
Alice Custardapple,alicecustardapple
Silas Almond,silasalmond
Charles Fennel,charlesfennel
Leah Litchi,leahlitchi
Leo Abaca,leoabaca
Jeremiah Jasmine,jeremiahjasmine
Chloe Lemongrass,chloelemongrass
Wyatt Rhubarb,wyattrhubarb
Jonathan Tungtree,jonathantungtree
Luca Potato,lucapotato
Wyatt Winterbarley,wyattwinterbarley
Josephine Carawayseeds,josephinecarawayseeds
Luca Rubus,lucarubus
Gabriella Clover,gabriellaclover
Dylan Triticum,dylantriticum
Hannah Ornamentalplants,hannahornamentalplants
Serenity Barley,serenitybarley
Nicholas Teff,nicholasteff
Jayden Indigo,jaydenindigo
Everett Fenugreek,everettfenugreek
Austin Garlic,austingarlic
Ava Nectarine,avanectarine
Cora Sugarbeet,corasugarbeet
John Lupine,johnlupine
Hudson Brazilnut,hudsonbrazilnut
Anna Opium,annaopium
Maverick Betelnut,maverickbetelnut
Ian Milletbroom,ianmilletbroom
Sofia Soybeanhay,sofiasoybeanhay
Lily Flax,lilyflax
Lily Rapeseed,lilyrapeseed
Anthony Blackpepper,anthonyblackpepper
Harper Sweetpotato,harpersweetpotato
Connor Arrowroot,connorarrowroot
Kinsley Grampea,kinsleygrampea
Levi Sourlime,levisourlime
Ryan Breadfruit,ryanbreadfruit
Luke Drumsticktree,lukedrumsticktree
Nicholas Chicory,nicholaschicory
Jayden Radish,jaydenradish
Bennett Morus,bennettmorus
Avery Walnut,averywalnut
Nathan Sweetcorn,nathansweetcorn
Sebastian Bambaragroundnuts,sebastianbambaragroundnuts
Sophia Kapok,sophiakapok
Angel Cardoon,angelcardoon
Maverick Quinoa,maverickquinoa
Axel Orchardgrass,axelorchardgrass
Brooks Lavandula,brookslavandula
Maverick Leek,maverickleek
Jaxon Rubus,jaxonrubus
William Peanut,williampeanut
Lillian Cornsalad,lilliancornsalad
Lillian Horsebean,lillianhorsebean
Skylar Triticum,skylartriticum
Levi Orange,leviorange
Ella Pea,ellapea
Genesis Winterwheat,genesiswinterwheat
Anthony Grampea,anthonygrampea
Abigail Sweetpotato,abigailsweetpotato
Alexander Sugarbeet,alexandersugarbeet
Jonathan Jasminum,jonathanjasminum
Serenity Manioc,serenitymanioc
Lydia Coffee,lydiacoffee
Isabella Springwheat,isabellaspringwheat
Mateo Lemongrass,mateolemongrass
Ellie Spelt,elliespelt
Leah Yams,leahyams
Owen Jowar,owenjowar
Luna Litchi,lunalitchi
Caroline Mixture,carolinemixture
Wyatt Nectarine,wyattnectarine
Luca Rice,lucarice
Allison Groundnut,allisongroundnut
Mason Carrot,masoncarrot
Hunter Rutabagaorswede,hunterrutabagaorswede
Allison Coffee,allisoncoffee
Emma Lespendeza,emmalespendeza
Isla Kohlrabi,islakohlrabi
Connor Metroxylon,connormetroxylon
Amelia Springwheat,ameliaspringwheat
Madison Okra,madisonokra
Ezekiel Cottonseed,ezekielcottonseed
Charlotte Sagopalm,charlottesagopalm
Eleanor Mandarin,eleanormandarin
Jeremiah Carob,jeremiahcarob
Ryan Quinoa,ryanquinoa
Mateo Melon,mateomelon
Noah Sheabutter,noahsheabutter
Hailey Beet,haileybeet
Aria Cowpea,ariacowpea
Nicholas Peach,nicholaspeach
Eliana Grassesparto,elianagrassesparto
Thomas Colocasia,thomascolocasia
Chloe Clove,chloeclove
Layla Brusselssprouts,laylabrusselssprouts
Jayden Beet,jaydenbeet
Wyatt Corn,wyattcorn
Natalia Pigeonpea,nataliapigeonpea
Wyatt Opium,wyattopium
Jonathan Sourlime,jonathansourlime
Isabella Sweetcorn,isabellasweetcorn
Anthony Hordeum,anthonyhordeum
Joseph Mangel,josephmangel
Liam Drypea,liamdrypea
Angel Fique,angelfique
Daniel Cardamom,danielcardamom
Aurora Safflowerseed,aurorasafflowerseed
James Brassica,jamesbrassica
Hailey Carawayseeds,haileycarawayseeds
Colton Juglans,coltonjuglans
Jacob Cherry,jacobcherry
Beau Edo,beauedo
Zoey Squash,zoeysquash
Leah Tannia,leahtannia
Charles Orchardgrass,charlesorchardgrass
Joshua Rubus,joshuarubus
John Dryonion,johndryonion
Levi Cocoa,levicocoa
Eli Arracha,eliarracha
Kai Avocado,kaiavocado
Claire Rapeseed,clairerapeseed
Lydia Mint,lydiamint
Dylan Durra,dylandurra
Anthony Cabbage,anthonycabbage
Avery Asparagus,averyasparagus
Serenity Yerbamate,serenityyerbamate
Sofia Swede,sofiaswede
Landon Celeriac,landonceleriac
Xavier Grapes,xaviergrapes
Jose Durra,josedurra
Jacob Chicory,jacobchicory
Carter Aleurites,carteraleurites
Luke Maslin,lukemaslin
Riley Medlar,rileymedlar
Gianna Yerbamate,giannayerbamate
Parker Espartograss,parkerespartograss
Allison Barley,allisonbarley
Nathan Nigerseed,nathannigerseed
Harper Greengarlic,harpergreengarlic
Christian Pepper,christianpepper
Gabriel Springbarley,gabrielspringbarley
Jacob Grassesparto,jacobgrassesparto
Dominic Cabbage,dominiccabbage
Nevaeh Clove,nevaehclove
Emilia Tannia,emiliatannia
Serenity Rose,serenityrose
Greyson Clove,greysonclove
Daniel Avocado,danielavocado
Henry Leek,henryleek
Jordan Capsicum,jordancapsicum
Ezra Tomato,ezratomato
Willow Springbarley,willowspringbarley
Hannah Groundnut,hannahgroundnut
Jackson Capsicum,jacksoncapsicum
Levi Maguey,levimaguey
Delilah Dioscorea,delilahdioscorea
Sophie Pigeonpea,sophiepigeonpea
Samuel Artichoke,samuelartichoke
Sofia Cherry,sofiacherry
Ella Clover,ellaclover
Ella Durumwheat,elladurumwheat
John Rhea,johnrhea
Hunter Queenslandnut,hunterqueenslandnut
Ruby Bergamot,rubybergamot
Ezra Redtop,ezraredtop
Mason Hordeum,masonhordeum
Camila Macadamia,camilamacadamia
Wesley Trefoil,wesleytrefoil
Sofia Kohlrabi,sofiakohlrabi
Jade Kenaf,jadekenaf
Dylan Eggplant,dylaneggplant
Andrew Maguey,andrewmaguey
Aaliyah Sainfoin,aaliyahsainfoin
Jacob Brassicaoleraceagongylodes,jacobbrassicaoleraceagongylodes
Piper Tangerine,pipertangerine
Gabriel Brassicanigra,gabrielbrassicanigra
Leo Asparagus,leoasparagus
Mila Spelt,milaspelt
Ava Pyrethum,avapyrethum
Hunter Oryzasativa,hunteroryzasativa
Hannah Wattle,hannahwattle
Jonathan Brassica,jonathanbrassica
Evelyn Lespendeza,evelynlespendeza
Grace Earthpea,graceearthpea
Autumn Apple,autumnapple
Riley Pepper,rileypepper
Serenity Custardapple,serenitycustardapple
Savannah Tea,savannahtea
Anthony Chesnut,anthonychesnut
Landon Springwheat,landonspringwheat
Quinn Cassava,quinncassava
James Cassava,jamescassava
Ariana Cotton,arianacotton
Hazel Brassicanigra,hazelbrassicanigra
Zoe Tapioca,zoetapioca
Nicholas Cardamom,nicholascardamom
Aria Cress,ariacress
Brooklyn Colocasia,brooklyncolocasia
Logan Pomegranate,loganpomegranate
Dominic Safflowerseed,dominicsafflowerseed
Nicholas Lettuce,nicholaslettuce
Skylar Pumpkin,skylarpumpkin
Willow Safflowerseed,willowsafflowerseed
Angel Rubus,angelrubus
Layla Grass,laylagrass
Olivia Chesnut,oliviachesnut
Savannah Pineapple,savannahpineapple
Colton Tapioca,coltontapioca
Bennett Cardamom,bennettcardamom
Sebastian Aspidosperma,sebastianaspidosperma
Owen Diospyroskaki,owendiospyroskaki
Grace Sprouts,gracesprouts
Miles Pecannut,milespecannut
Nova Horsebean,novahorsebean
Logan Arracha,loganarracha
Logan Ornamentalplants,loganornamentalplants
Jose Winterrye,josewinterrye
Eva Mace,evamace
Caleb Cress,calebcress
Ian Cacao,iancacao
Jameson Endive,jamesonendive
David Bean,davidbean
Isla Prunus,islaprunus
Chloe Mushrooms,chloemushrooms
Hailey Rubus,haileyrubus
Colton Hop,coltonhop
Easton Watermelon,eastonwatermelon
Jose Trifolium,josetrifolium
Leah Brassicaileraceacapitata,leahbrassicaileraceacapitata
Everleigh Greengarlic,everleighgreengarlic
Kai Brusselssprouts,kaibrusselssprouts
Natalia Yams,nataliayams
Madeline Redtop,madelineredtop
Addison Poppyseed,addisonpoppyseed
Michael Sweetlime,michaelsweetlime
Ava Teff,avateff
Sophia Lemongrass,sophialemongrass
Carter Rhea,carterrhea
Emery Gourd,emerygourd
Isaac Pineapple,isaacpineapple
Jordan Dates,jordandates
Everleigh Sheabutter,everleighsheabutter
Julian Pelargonium,julianpelargonium
Jackson Pear,jacksonpear
Joshua Lavandula,joshualavandula
Leilani Rose,leilanirose
Lillian Abaca,lillianabaca
Lillian Liquorice,lillianliquorice
Hannah Pigeonpea,hannahpigeonpea
Athena Melon,athenamelon
Emma Winterwheat,emmawinterwheat
Matthew Pomegranate,matthewpomegranate
Zoe Mulberry,zoemulberry
Avery Coffee,averycoffee
Lily Betelnut,lilybetelnut
Cooper Cabbage,coopercabbage
Lucas Brassicaoleraceacapitata,lucasbrassicaoleraceacapitata
Jack Mixture,jackmixture
Brooklyn Bambaragroundnuts,brooklynbambaragroundnuts
Roman Whitecabbage,romanwhitecabbage
Lily Vanilla,lilyvanilla
Emilia Safflowerseed,emiliasafflowerseed
Abigail Mint,abigailmint
Abigail Urena,abigailurena
Nolan Rubber,nolanrubber
Leilani Citron,leilanicitron
Mia Nectarine,mianectarine
John Cowpea,johncowpea
Anthony Grassesparto,anthonygrassesparto
Axel Sheabutter,axelsheabutter
Ezra SorghumbicolorSudanense,ezrasorghumbicolorsudanense
Nolan Apricot,nolanapricot
Levi Fique,levifique
Miles Cardoon,milescardoon
Dominic Phaseolusvigna,dominicphaseolusvigna
Aaron Cucumber,aaroncucumber
Xavier Quebracho,xavierquebracho
Claire Papaya,clairepapaya
Carter Lupinus,carterlupinus
Sofia Colocasia,sofiacolocasia
Emery Watermelon,emerywatermelon
Logan Sweetpepper,logansweetpepper
Ella Cabbage,ellacabbage
Delilah Mulberry,delilahmulberry
Weston Redcabbage,westonredcabbage
Eliana Raspberry,elianaraspberry
Evelyn Blackpepper,evelynblackpepper
Eleanor Chicory,eleanorchicory
Brooks Jowar,brooksjowar
Emilia Earthpea,emiliaearthpea
Leo Whitecabbage,leowhitecabbage
Charles Mandarin,charlesmandarin
Asher Chilly,asherchilly
Nevaeh Okra,nevaehokra
Brooks Ornamentalplants,brooksornamentalplants
Ian Raspberry,ianraspberry
Luke SorghumbicolorSudanense,lukesorghumbicolorsudanense
Dylan Opium,dylanopium
Roman Gossypium,romangossypium
Camila Whitecabbage,camilawhitecabbage
Avery Mushrooms,averymushrooms
Savannah Palm,savannahpalm
Alexander Lespedeza,alexanderlespedeza
Nicholas Fique,nicholasfique
Easton Grape,eastongrape
Miles Banana,milesbanana
Everleigh Sugarcane,everleighsugarcane
Harper Formio,harperformio
Brooklyn Raspberry,brooklynraspberry
Julian Cashewnuts,juliancashewnuts
Lucas Pigeonpea,lucaspigeonpea
Michael Nectarine,michaelnectarine
Anna Nutmeg,annanutmeg
Maya Hordeum,mayahordeum
Violet Chayote,violetchayote
Luna Celeriac,lunaceleriac
Nolan Mint,nolanmint
Cora Edo,coraedo
Harper Guineacorn,harperguineacorn
Ian Jowar,ianjowar
Ava Fragaria,avafragaria
Hannah Cabbage,hannahcabbage
Roman Ginger,romanginger
Sebastian Formio,sebastianformio
Caleb Filbert,calebfilbert
Savannah Abaca,savannahabaca
Thomas Langenaria,thomaslangenaria
Gabriel Capsicum,gabrielcapsicum
Charlotte Queenslandnut,charlottequeenslandnut
Emily Palmyrapalm,emilypalmyrapalm
Ellie Aniseseeds,ellieaniseseeds
Christopher Banana,christopherbanana
Elijah Durra,elijahdurra
Logan Dryonion,logandryonion
Samuel Asparagus,samuelasparagus
Kai Phaseolusvigna,kaiphaseolusvigna
Alice Walnut,alicewalnut
Angel Loquat,angelloquat
Henry Abaca,henryabaca
Maya Brassicaoleraceagongylodes,mayabrassicaoleraceagongylodes
Kennedy Carrot,kennedycarrot
Audrey Kohlrabi,audreykohlrabi
Robert Garlic,robertgarlic
Lily Cola,lilycola
Everly Broommillet,everlybroommillet
Eliana Celeriac,elianaceleriac
Josephine Grapefruit,josephinegrapefruit
Gabriella Potato,gabriellapotato
Emilia Currants,emiliacurrants
Michael Almond,michaelalmond
Sadie Spelt,sadiespelt
Austin Grapefruit,austingrapefruit
Anna Redtop,annaredtop
Daniel Hop,danielhop
Levi Clover,leviclover
Everly Sweetcorn,everlysweetcorn
Chloe Sugarcane,chloesugarcane
Andrew Artichoke,andrewartichoke
Sarah Geranium,sarahgeranium
Mason Strawberry,masonstrawberry
Sofia Bean,sofiabean
Piper Leek,piperleek
Connor Avena,connoravena
Naomi Cauliflower,naomicauliflower
